case,particles,time
case2,1000000,484.157092
case1,1000000,483.089871
