case,particles,time
case2,1000000,588.522465197
case1,1000000,683.198926178
