case,particles,time
case2,1000000,502.21919476699986
case1,1000000,558.9598751880003
